Hypervolume;Run
0.4093567251461988;0
0.9005847953216375;1
1.263157894736842;2
1.4035087719298245;3
1.4269005847953216;4
1.719298245614035;5
1.719298245614035;6
3.1345029239766076;7
4.56140350877193;8
4.883040935672515;9
5.2631578947368425;10
